{"columns":[0],"data":[[28.070906],[28.27682],[27.679348],[27.438374],[27.440647],[27.556297],[27.462473],[26.983805],[26.477585],[26.052864],[25.466478],[24.815857],[24.411858],[24.046057],[23.623793],[23.300701],[22.944878],[22.504469],[22.07133],[21.841724],[21.551352],[21.241499],[20.957716],[20.78855],[20.611313],[20.441013],[20.404379],[20.341188],[20.163303],[20.004532],[20.119135],[20.234095]]}