{"columns":[0,1,2,3],"data":[[1981.0,63.465373,35.9,12.442437],[1982.0,55.805967,33.0,10.221727],[1983.0,52.984896,29.6,8.669271],[1984.0,55.360952,28.7,8.08032],[1985.0,49.880608,27.5,6.8075666],[1986.0,48.742857,14.4,5.822667],[1987.0,50.297513,18.4,5.7101192],[1988.0,56.697748,15.0,7.1134067],[1989.0,59.616545,18.2,6.923905],[1990.0,63.01351,23.8,8.063461],[1991.0,62.063554,20.1,8.996939],[1992.0,63.934554,19.4,7.6361084],[1993.0,61.945179,17.1,7.144587],[1994.0,66.939256,16.0,10.247935],[1995.0,76.625411,17.2,9.077381],[1996.0,77.635011,20.8,6.526096],[1997.0,70.605499,19.1,5.55413],[1998.0,64.660389,12.8,5.0972915],[1999.0,55.169583,17.9,3.0419466],[2000.0,53.326348,28.4,3.4335155],[2001.0,54.964312,24.45,3.8365726],[2002.0,53.122296,25.01,2.9079986],[2003.0,57.792711,28.83,3.0250452],[2004.0,65.55358,38.1,3.517999],[2005.0,67.377129,54.38,4.1072507],[2006.0,72.563154,65.14,4.2671747],[2007.0,94.253549,72.52,4.810237],[2008.0,117.510642,96.99,8.949953],[2009.0,91.661322,61.51,2.8604486],[2010.0,106.743836,79.47,3.3263447],[2011.0,131.884416,111.26,4.8223963],[2012.0,122.840825,111.63,3.7253268]]}