{"columns":[0,1,2,3],"data":[[2013.0,120.125169,108.56,2.6516733],[2014.0,115.028666,98.97,2.3544905],[2015.0,93.046913,52.32,1.4438572],[2016.0,91.924422,43.67,1.6055392],[2017.0,98.022859,54.25,2.2542765],[2018.0,95.916688,71.34,2.4503624],[2019.0,95.103956,64.3,2.206073],[2020.0,98.129793,41.96,1.9369413],[2021.0,125.728112,70.86,3.4669259]]}