{"columns":[0],"data":[[19.728088],[19.642982],[19.112843],[19.173895],[18.7001],[18.178806],[17.817698],[17.226612],[16.938656]]}